{
  "project_info": {
    "project_number": "1005741951446",
    "firebase_url": "https://atms-android-app.firebaseio.com",
    "project_id": "atms-android-app",
    "storage_bucket": "atms-android-app.appspot.com"
  },
  "client": [
    {
      "client_info": {
        "mobilesdk_app_id": "1:1005741951446:android:e85fac0428aa476249bc77",
        "android_client_info": {
          "package_name": "com.example.ATMS"
        }
      },
      "oauth_client": [
        {
          "client_id": "1005741951446-5hu0tpqmvb233msciom0qsdftjpmkmfi.apps.googleusercontent.com",
          "client_type": 3
        }
      ],
      "api_key": [
        {
          "current_key": "AIzaSyDJiyp8t_123Zyl5QUimYU70FK1nVib4Gc"
        }
      ],
      "services": {
        "appinvite_service": {
          "other_platform_oauth_client": [
            {
              "client_id": "1005741951446-5hu0tpqmvb233msciom0qsdftjpmkmfi.apps.googleusercontent.com",
              "client_type": 3
            }
          ]
        }
      }
    }
  ],
  "configuration_version": "1"
}